{
  "project_info": {
    "project_number": "937658307823",
    "project_id": "itcs4155-b4b9e",
    "storage_bucket": "itcs4155-b4b9e.appspot.com"
  },
  "client": [
    {
      "client_info": {
        "mobilesdk_app_id": "1:937658307823:android:edc1f61c9d48d639c6371a",
        "android_client_info": {
          "package_name": "com.example.itcs4155"
        }
      },
      "oauth_client": [
        {
          "client_id": "937658307823-ujbgpir7n12vogof03nsuu57n62g8kij.apps.googleusercontent.com",
          "client_type": 3
        }
      ],
      "api_key": [
        {
          "current_key": "AIzaSyD8OQ-fbdIjhVeliEPS3LWjN2sHbhowTbk"
        }
      ],
      "services": {
        "appinvite_service": {
          "other_platform_oauth_client": [
            {
              "client_id": "937658307823-ujbgpir7n12vogof03nsuu57n62g8kij.apps.googleusercontent.com",
              "client_type": 3
            }
          ]
        }
      }
    }
  ],
  "configuration_version": "1"
}